{
  "densities": [
    5,
    10,
    20,
    50,
    100,
    200
  ],
  "seeds": [
    0,
    1,
    2
  ],
  "n_frames": 500,
  "warmup": 50,
  "crossover_N": 20,
  "per_density": {
    "5": {
      "n_veh": 5,
      "n_seeds": 3,
      "jit": {
        "full_hz": 7284.19152133726,
        "full_hz_std": 2411.1235494215425,
        "scan_hz": 33131.8323132694,
        "scan_hz_std": 9120.06052358452,
        "mean_cand": 4820.0,
        "mean_cand_std": 0.0
      },
      "nogrid": {
        "full_hz": 27012.79237665315,
        "full_hz_std": 10835.094240378927,
        "scan_hz": 254047.31294627875,
        "scan_hz_std": 170089.8994217576,
        "mean_cand": 24.265185185185185,
        "mean_cand_std": 13.518189828576407,
        "sei": 386.4108178036722,
        "sei_std": 341.93048346793165,
        "muting_pct": 85.14074074074075,
        "muting_pct_std": 7.44107902554944
      },
      "grid": {
        "full_hz": 26810.026219991287,
        "full_hz_std": 11027.904784620388,
        "scan_hz": 488066.45470790303,
        "scan_hz_std": 428914.2528478301,
        "mean_cand": 19.238518518518518,
        "mean_cand_std": 11.107869354256056,
        "sei": 567.961638094998,
        "sei_std": 551.037995115193,
        "muting_pct": 85.14074074074075,
        "muting_pct_std": 7.44107902554944,
        "grid_filter_pct": 18.253086419753085,
        "grid_filter_pct_std": 4.85247223753358
      }
    },
    "10": {
      "n_veh": 10,
      "n_seeds": 3,
      "jit": {
        "full_hz": 6050.800778494292,
        "full_hz_std": 351.00292281059455,
        "scan_hz": 25636.485158711614,
        "scan_hz_std": 1365.195275338889,
        "mean_cand": 9640.0,
        "mean_cand_std": 0.0
      },
      "nogrid": {
        "full_hz": 21019.035102166,
        "full_hz_std": 1396.9972158217463,
        "scan_hz": 126596.63844952088,
        "scan_hz_std": 6610.329344227583,
        "mean_cand": 46.89259259259259,
        "mean_cand_std": 19.099346105914865,
        "sei": 245.0516715074648,
        "sei_std": 101.1632775960082,
        "muting_pct": 83.93333333333334,
        "muting_pct_std": 3.969140218494949
      },
      "grid": {
        "full_hz": 18201.53054503791,
        "full_hz_std": 554.3342451067615,
        "scan_hz": 159608.89141243623,
        "scan_hz_std": 16088.714313022232,
        "mean_cand": 35.67925925925926,
        "mean_cand_std": 17.285408802686575,
        "sei": 367.43868009623094,
        "sei_std": 212.2982850644564,
        "muting_pct": 83.93333333333334,
        "muting_pct_std": 3.969140218494949,
        "grid_filter_pct": 34.72098765432099,
        "grid_filter_pct_std": 4.606576016979793
      }
    },
    "20": {
      "n_veh": 20,
      "n_seeds": 3,
      "jit": {
        "full_hz": 3151.855861594142,
        "full_hz_std": 355.76996478052655,
        "scan_hz": 13274.028603803235,
        "scan_hz_std": 1452.9283613480632,
        "mean_cand": 19280.0,
        "mean_cand_std": 0.0
      },
      "nogrid": {
        "full_hz": 12779.73525219987,
        "full_hz_std": 2148.6455453144786,
        "scan_hz": 81963.08779169411,
        "scan_hz_std": 13101.88768691431,
        "mean_cand": 98.49185185185183,
        "mean_cand_std": 21.348166936532714,
        "sei": 207.22954175955144,
        "sei_std": 52.96434892349111,
        "muting_pct": 84.67407407407407,
        "muting_pct_std": 1.3825584125310446
      },
      "grid": {
        "full_hz": 12849.840062503223,
        "full_hz_std": 1966.6453667175294,
        "scan_hz": 103750.91304467001,
        "scan_hz_std": 15061.933348777886,
        "mean_cand": 80.56888888888888,
        "mean_cand_std": 20.29241306458005,
        "sei": 258.4386497547311,
        "sei_std": 76.43028769847626,
        "muting_pct": 84.67407407407407,
        "muting_pct_std": 1.3825584125310446,
        "grid_filter_pct": 47.90367430922987,
        "grid_filter_pct_std": 2.0606096561128493
      }
    },
    "50": {
      "n_veh": 50,
      "n_seeds": 3,
      "jit": {
        "full_hz": 1308.684041173837,
        "full_hz_std": 149.00643360790795,
        "scan_hz": 5473.86013196998,
        "scan_hz_std": 638.0908755458254,
        "mean_cand": 48200.0,
        "mean_cand_std": 0.0
      },
      "nogrid": {
        "full_hz": 5698.330100232968,
        "full_hz_std": 1388.4661716809692,
        "scan_hz": 43857.01060976876,
        "scan_hz_std": 10469.663645874298,
        "mean_cand": 252.53851851851854,
        "mean_cand_std": 12.620486230820593,
        "sei": 191.32642536509948,
        "sei_std": 9.295729955853998,
        "muting_pct": 83.39999999999999,
        "muting_pct_std": 0.8366974073345277
      },
      "grid": {
        "full_hz": 7550.696532598984,
        "full_hz_std": 1478.9213356283997,
        "scan_hz": 71870.79016894747,
        "scan_hz_std": 12751.974103367314,
        "mean_cand": 195.66,
        "mean_cand_std": 11.155211297624545,
        "sei": 247.15007171117134,
        "sei_std": 14.119943894509849,
        "muting_pct": 83.39999999999999,
        "muting_pct_std": 0.8366974073345277,
        "grid_filter_pct": 66.12585472726511,
        "grid_filter_pct_std": 1.0528733437909708
      }
    },
    "100": {
      "n_veh": 100,
      "n_seeds": 3,
      "jit": {
        "full_hz": 560.3835701666081,
        "full_hz_std": 74.52157281522116,
        "scan_hz": 2326.368325844138,
        "scan_hz_std": 319.07534452636065,
        "mean_cand": 96400.0,
        "mean_cand_std": 0.0
      },
      "nogrid": {
        "full_hz": 2610.3448187351073,
        "full_hz_std": 449.14152353191554,
        "scan_hz": 22478.004129147037,
        "scan_hz_std": 3720.7756522634677,
        "mean_cand": 484.0592592592593,
        "mean_cand_std": 53.99055260547646,
        "sei": 201.68789975390894,
        "sei_std": 22.830871293629794,
        "muting_pct": 83.85555555555555,
        "muting_pct_std": 1.0201250629373386
      },
      "grid": {
        "full_hz": 4317.5104053163695,
        "full_hz_std": 812.7934902033091,
        "scan_hz": 49791.64187574734,
        "scan_hz_std": 9305.345707623585,
        "mean_cand": 358.43555555555554,
        "mean_cand_std": 43.17409202545228,
        "sei": 273.0066406193893,
        "sei_std": 33.82024844061824,
        "muting_pct": 83.85555555555555,
        "muting_pct_std": 1.0201250629373386,
        "grid_filter_pct": 74.41083745157393,
        "grid_filter_pct_std": 0.9923924716159676
      }
    },
    "200": {
      "n_veh": 200,
      "n_seeds": 3,
      "jit": {
        "full_hz": 314.62267959692116,
        "full_hz_std": 18.688245368020628,
        "scan_hz": 1269.706785698426,
        "scan_hz_std": 72.01828639316952,
        "mean_cand": 192800.0,
        "mean_cand_std": 0.0
      },
      "nogrid": {
        "full_hz": 1565.2888809540073,
        "full_hz_std": 7.243841331717346,
        "scan_hz": 14321.259058745396,
        "scan_hz_std": 17.768882684882133,
        "mean_cand": 1022.7614814814815,
        "mean_cand_std": 104.90167282943713,
        "sei": 190.45268279917275,
        "sei_std": 18.988849983202247,
        "muting_pct": 83.30370370370369,
        "muting_pct_std": 0.8341286739579228
      },
      "grid": {
        "full_hz": 2852.085769128234,
        "full_hz_std": 195.08636594934046,
        "scan_hz": 39341.21598189715,
        "scan_hz_std": 3023.920563563333,
        "mean_cand": 744.0577777777777,
        "mean_cand_std": 81.98343279391814,
        "sei": 262.15638658802646,
        "sei_std": 27.61249025553779,
        "muting_pct": 83.30370370370369,
        "muting_pct_std": 0.8341286739579228,
        "grid_filter_pct": 77.5734613414764,
        "grid_filter_pct_std": 1.1138577046593212
      }
    }
  },
  "all_rows": [
    {
      "n_veh": 5,
      "seed": 0,
      "jit": {
        "full_hz": 4324.045923264793,
        "scan_hz": 22131.18383255902,
        "mean_cand": 4820.0
      },
      "nogrid": {
        "full_hz": 14451.60958830484,